county_name,year,month,birth_count
canadian,85,1,95
canadian,85,2,90
canadian,85,3,108
canadian,85,4,113
canadian,85,5,103
canadian,85,6,103
canadian,85,7,124
canadian,85,8,115
canadian,85,9,116
canadian,85,10,101
canadian,85,11,108
canadian,85,12,118
canadian,86,1,90
canadian,86,2,93
canadian,86,3,90
canadian,86,4,90
canadian,86,5,92
canadian,86,6,81
canadian,86,7,100
canadian,86,8,107
canadian,86,9,103
canadian,86,10,110
canadian,86,11,73
canadian,86,12,90
canadian,87,1,82
canadian,87,2,92
canadian,87,3,94
canadian,87,4,119
canadian,87,5,102
canadian,87,6,79
canadian,87,7,109
canadian,87,8,88
canadian,87,9,97
canadian,87,10,87
canadian,87,11,79
canadian,87,12,95
canadian,88,1,94
canadian,88,2,80
canadian,88,3,83
canadian,88,4,97
canadian,88,5,90
canadian,88,6,95
canadian,88,7,92
canadian,88,8,95
canadian,88,9,94
canadian,88,10,84
canadian,88,11,82
canadian,88,12,91
canadian,89,1,84
canadian,89,2,77
canadian,89,3,103
canadian,89,4,106
canadian,89,5,71
canadian,89,6,84
canadian,89,7,94
canadian,89,8,100
canadian,89,9,103
canadian,89,10,79
canadian,89,11,76
canadian,89,12,95
canadian,90,1,80
canadian,90,2,89
canadian,90,3,89
canadian,90,4,87
canadian,90,5,86
canadian,90,6,95
canadian,90,7,98
canadian,90,8,95
canadian,90,9,88
canadian,90,10,100
canadian,90,11,89
canadian,90,12,87
canadian,91,1,78
canadian,91,2,71
canadian,91,3,85
canadian,91,4,96
canadian,91,5,85
canadian,91,6,84
canadian,91,7,88
canadian,91,8,85
canadian,91,9,88
canadian,91,10,96
canadian,91,11,71
canadian,91,12,93
canadian,92,1,75
canadian,92,2,70
canadian,92,3,77
canadian,92,4,66
canadian,92,5,83
canadian,92,6,77
canadian,92,7,98
canadian,92,8,71
canadian,92,9,93
canadian,92,10,80
canadian,92,11,66
canadian,92,12,86
canadian,93,1,82
canadian,93,2,68
canadian,93,3,79
canadian,93,4,76
canadian,93,5,96
canadian,93,6,96
canadian,93,7,79
canadian,93,8,78
canadian,93,9,91
canadian,93,10,71
canadian,93,11,78
canadian,93,12,88
canadian,94,1,86
canadian,94,2,84
canadian,94,3,84
canadian,94,4,68
canadian,94,5,83
canadian,94,6,102
canadian,94,7,83
canadian,94,8,94
canadian,94,9,103
canadian,94,10,83
canadian,94,11,85
canadian,94,12,93
canadian,95,1,68
canadian,95,2,58
canadian,95,3,78
canadian,95,4,86
canadian,95,5,86
canadian,95,6,81
canadian,95,7,90
canadian,95,8,87
canadian,95,9,96
canadian,95,10,94
canadian,95,11,76
canadian,95,12,91
canadian,96,1,76
canadian,96,2,63
canadian,96,3,83
canadian,96,4,79
canadian,96,5,92
canadian,96,6,81
canadian,96,7,81
canadian,96,8,82
canadian,96,9,76
canadian,96,10,89
canadian,96,11,64
canadian,96,12,86
canadian,97,1,75
canadian,97,2,84
canadian,97,3,86
canadian,97,4,70
canadian,97,5,83
canadian,97,6,92
canadian,97,7,110
canadian,97,8,110
canadian,97,9,101
canadian,97,10,87
canadian,97,11,84
canadian,97,12,86
canadian,98,1,77
canadian,98,2,70
canadian,98,3,92
canadian,98,4,103
canadian,98,5,96
canadian,98,6,88
canadian,98,7,99
canadian,98,8,103
canadian,98,9,97
canadian,98,10,72
canadian,98,11,75
canadian,98,12,87
canadian,99,1,81
canadian,99,2,83
canadian,99,3,80
canadian,99,4,75
canadian,99,5,93
canadian,99,6,80
canadian,99,7,95
canadian,99,8,94
canadian,99,9,94
canadian,99,10,85
canadian,99,11,82
canadian,99,12,104
clevelan,85,1,181
clevelan,85,2,196
clevelan,85,3,201
clevelan,85,4,195
clevelan,85,5,201
clevelan,85,6,158
clevelan,85,7,215
clevelan,85,8,231
clevelan,85,9,215
clevelan,85,10,224
clevelan,85,11,212
clevelan,85,12,203
clevelan,86,1,191
clevelan,86,2,181
clevelan,86,3,215
clevelan,86,4,185
clevelan,86,5,192
clevelan,86,6,210
clevelan,86,7,230
clevelan,86,8,215
clevelan,86,9,220
clevelan,86,10,220
clevelan,86,11,173
clevelan,86,12,194
clevelan,87,1,187
clevelan,87,2,162
clevelan,87,3,193
clevelan,87,4,199
clevelan,87,5,184
clevelan,87,6,201
clevelan,87,7,205
clevelan,87,8,195
clevelan,87,9,198
clevelan,87,10,184
clevelan,87,11,175
clevelan,87,12,180
clevelan,88,1,158
clevelan,88,2,171
clevelan,88,3,218
clevelan,88,4,155
clevelan,88,5,169
clevelan,88,6,199
clevelan,88,7,195
clevelan,88,8,232
clevelan,88,9,206
clevelan,88,10,171
clevelan,88,11,184
clevelan,88,12,158
clevelan,89,1,188
clevelan,89,2,182
clevelan,89,3,210
clevelan,89,4,166
clevelan,89,5,179
clevelan,89,6,201
clevelan,89,7,184
clevelan,89,8,203
clevelan,89,9,213
clevelan,89,10,189
clevelan,89,11,201
clevelan,89,12,184
clevelan,90,1,163
clevelan,90,2,166
clevelan,90,3,196
clevelan,90,4,170
clevelan,90,5,169
clevelan,90,6,173
clevelan,90,7,215
clevelan,90,8,203
clevelan,90,9,170
clevelan,90,10,187
clevelan,90,11,204
clevelan,90,12,163
clevelan,91,1,183
clevelan,91,2,165
clevelan,91,3,174
clevelan,91,4,201
clevelan,91,5,199
clevelan,91,6,184
clevelan,91,7,233
clevelan,91,8,190
clevelan,91,9,230
clevelan,91,10,188
clevelan,91,11,170
clevelan,91,12,217
clevelan,92,1,210
clevelan,92,2,181
clevelan,92,3,177
clevelan,92,4,194
clevelan,92,5,179
clevelan,92,6,202
clevelan,92,7,194
clevelan,92,8,205
clevelan,92,9,195
clevelan,92,10,173
clevelan,92,11,164
clevelan,92,12,182
clevelan,93,1,173
clevelan,93,2,154
clevelan,93,3,201
clevelan,93,4,163
clevelan,93,5,169
clevelan,93,6,189
clevelan,93,7,210
clevelan,93,8,180
clevelan,93,9,169
clevelan,93,10,187
clevelan,93,11,177
clevelan,93,12,179
clevelan,94,1,181
clevelan,94,2,150
clevelan,94,3,165
clevelan,94,4,186
clevelan,94,5,167
clevelan,94,6,198
clevelan,94,7,199
clevelan,94,8,179
clevelan,94,9,174
clevelan,94,10,198
clevelan,94,11,179
clevelan,94,12,197
clevelan,95,1,193
clevelan,95,2,155
clevelan,95,3,175
clevelan,95,4,185
clevelan,95,5,188
clevelan,95,6,217
clevelan,95,7,206
clevelan,95,8,200
clevelan,95,9,188
clevelan,95,10,205
clevelan,95,11,181
clevelan,95,12,159
clevelan,96,1,182
clevelan,96,2,157
clevelan,96,3,185
clevelan,96,4,196
clevelan,96,5,173
clevelan,96,6,190
clevelan,96,7,222
clevelan,96,8,219
clevelan,96,9,185
clevelan,96,10,198
clevelan,96,11,179
clevelan,96,12,188
clevelan,97,1,187
clevelan,97,2,171
clevelan,97,3,175
clevelan,97,4,219
clevelan,97,5,184
clevelan,97,6,218
clevelan,97,7,219
clevelan,97,8,210
clevelan,97,9,199
clevelan,97,10,185
clevelan,97,11,187
clevelan,97,12,214
clevelan,98,1,196
clevelan,98,2,195
clevelan,98,3,198
clevelan,98,4,212
clevelan,98,5,199
clevelan,98,6,188
clevelan,98,7,233
clevelan,98,8,201
clevelan,98,9,237
clevelan,98,10,203
clevelan,98,11,182
clevelan,98,12,209
clevelan,99,1,196
clevelan,99,2,151
clevelan,99,3,211
clevelan,99,4,190
clevelan,99,5,213
clevelan,99,6,190
clevelan,99,7,207
clevelan,99,8,181
clevelan,99,9,216
clevelan,99,10,198
clevelan,99,11,198
clevelan,99,12,193
comanche,85,1,220
comanche,85,2,194
comanche,85,3,189
comanche,85,4,216
comanche,85,5,206
comanche,85,6,212
comanche,85,7,219
comanche,85,8,232
comanche,85,9,242
comanche,85,10,215
comanche,85,11,203
comanche,85,12,216
comanche,86,1,226
comanche,86,2,177
comanche,86,3,198
comanche,86,4,182
comanche,86,5,183
comanche,86,6,216
comanche,86,7,245
comanche,86,8,224
comanche,86,9,236
comanche,86,10,203
comanche,86,11,167
comanche,86,12,218
comanche,87,1,192
comanche,87,2,144
comanche,87,3,181
comanche,87,4,192
comanche,87,5,191
comanche,87,6,226
comanche,87,7,219
comanche,87,8,197
comanche,87,9,219
comanche,87,10,192
comanche,87,11,181
comanche,87,12,198
comanche,88,1,215
comanche,88,2,168
comanche,88,3,210
comanche,88,4,164
comanche,88,5,164
comanche,88,6,173
comanche,88,7,203
comanche,88,8,208
comanche,88,9,223
comanche,88,10,192
comanche,88,11,158
comanche,88,12,183
comanche,89,1,176
comanche,89,2,185
comanche,89,3,163
comanche,89,4,159
comanche,89,5,189
comanche,89,6,211
comanche,89,7,218
comanche,89,8,203
comanche,89,9,189
comanche,89,10,199
comanche,89,11,175
comanche,89,12,180
comanche,90,1,165
comanche,90,2,153
comanche,90,3,198
comanche,90,4,178
comanche,90,5,191
comanche,90,6,184
comanche,90,7,192
comanche,90,8,203
comanche,90,9,182
comanche,90,10,174
comanche,90,11,172
comanche,90,12,142
comanche,91,1,141
comanche,91,2,159
comanche,91,3,164
comanche,91,4,158
comanche,91,5,214
comanche,91,6,162
comanche,91,7,153
comanche,91,8,165
comanche,91,9,164
comanche,91,10,152
comanche,91,11,136
comanche,91,12,167
comanche,92,1,233
comanche,92,2,237
comanche,92,3,190
comanche,92,4,192
comanche,92,5,184
comanche,92,6,193
comanche,92,7,177
comanche,92,8,241
comanche,92,9,221
comanche,92,10,203
comanche,92,11,209
comanche,92,12,199
comanche,93,1,195
comanche,93,2,175
comanche,93,3,197
comanche,93,4,187
comanche,93,5,177
comanche,93,6,176
comanche,93,7,180
comanche,93,8,205
comanche,93,9,199
comanche,93,10,191
comanche,93,11,163
comanche,93,12,163
comanche,94,1,192
comanche,94,2,166
comanche,94,3,180
comanche,94,4,155
comanche,94,5,154
comanche,94,6,186
comanche,94,7,164
comanche,94,8,214
comanche,94,9,186
comanche,94,10,173
comanche,94,11,169
comanche,94,12,164
comanche,95,1,160
comanche,95,2,156
comanche,95,3,172
comanche,95,4,172
comanche,95,5,140
comanche,95,6,177
comanche,95,7,205
comanche,95,8,171
comanche,95,9,159
comanche,95,10,181
comanche,95,11,163
comanche,95,12,168
comanche,96,1,171
comanche,96,2,164
comanche,96,3,166
comanche,96,4,157
comanche,96,5,164
comanche,96,6,145
comanche,96,7,176
comanche,96,8,184
comanche,96,9,175
comanche,96,10,177
comanche,96,11,138
comanche,96,12,178
comanche,97,1,176
comanche,97,2,168
comanche,97,3,187
comanche,97,4,185
comanche,97,5,188
comanche,97,6,165
comanche,97,7,173
comanche,97,8,185
comanche,97,9,184
comanche,97,10,180
comanche,97,11,169
comanche,97,12,203
comanche,98,1,184
comanche,98,2,160
comanche,98,3,168
comanche,98,4,164
comanche,98,5,166
comanche,98,6,160
comanche,98,7,158
comanche,98,8,196
comanche,98,9,207
comanche,98,10,158
comanche,98,11,151
comanche,98,12,193
comanche,99,1,153
comanche,99,2,160
comanche,99,3,184
comanche,99,4,139
comanche,99,5,151
comanche,99,6,169
comanche,99,7,143
comanche,99,8,180
comanche,99,9,194
comanche,99,10,154
comanche,99,11,167
comanche,99,12,145
creek,85,1,84
creek,85,2,75
creek,85,3,90
creek,85,4,70
creek,85,5,75
creek,85,6,76
creek,85,7,87
creek,85,8,96
creek,85,9,82
creek,85,10,88
creek,85,11,75
creek,85,12,89
creek,86,1,76
creek,86,2,74
creek,86,3,86
creek,86,4,85
creek,86,5,88
creek,86,6,75
creek,86,7,89
creek,86,8,87
creek,86,9,84
creek,86,10,82
creek,86,11,64
creek,86,12,86
creek,87,1,80
creek,87,2,71
creek,87,3,66
creek,87,4,47
creek,87,5,80
creek,87,6,77
creek,87,7,93
creek,87,8,83
creek,87,9,83
creek,87,10,72
creek,87,11,63
creek,87,12,92
creek,88,1,78
creek,88,2,66
creek,88,3,61
creek,88,4,63
creek,88,5,55
creek,88,6,76
creek,88,7,70
creek,88,8,77
creek,88,9,76
creek,88,10,85
creek,88,11,70
creek,88,12,77
creek,89,1,72
creek,89,2,73
creek,89,3,79
creek,89,4,66
creek,89,5,68
creek,89,6,66
creek,89,7,72
creek,89,8,77
creek,89,9,75
creek,89,10,73
creek,89,11,73
creek,89,12,63
creek,90,1,60
creek,90,2,68
creek,90,3,67
creek,90,4,77
creek,90,5,64
creek,90,6,65
creek,90,7,77
creek,90,8,86
creek,90,9,83
creek,90,10,72
creek,90,11,72
creek,90,12,69
creek,91,1,88
creek,91,2,61
creek,91,3,73
creek,91,4,74
creek,91,5,73
creek,91,6,70
creek,91,7,74
creek,91,8,75
creek,91,9,73
creek,91,10,80
creek,91,11,71
creek,91,12,62
creek,92,1,76
creek,92,2,78
creek,92,3,68
creek,92,4,90
creek,92,5,64
creek,92,6,81
creek,92,7,82
creek,92,8,88
creek,92,9,70
creek,92,10,87
creek,92,11,70
creek,92,12,77
creek,93,1,66
creek,93,2,65
creek,93,3,71
creek,93,4,52
creek,93,5,78
creek,93,6,73
creek,93,7,54
creek,93,8,70
creek,93,9,87
creek,93,10,87
creek,93,11,81
creek,93,12,60
creek,94,1,70
creek,94,2,70
creek,94,3,75
creek,94,4,67
creek,94,5,62
creek,94,6,68
creek,94,7,80
creek,94,8,62
creek,94,9,77
creek,94,10,64
creek,94,11,61
creek,94,12,69
creek,95,1,67
creek,95,2,67
creek,95,3,70
creek,95,4,68
creek,95,5,79
creek,95,6,67
creek,95,7,81
creek,95,8,83
creek,95,9,67
creek,95,10,66
creek,95,11,82
creek,95,12,62
creek,96,1,72
creek,96,2,60
creek,96,3,81
creek,96,4,68
creek,96,5,63
creek,96,6,78
creek,96,7,73
creek,96,8,77
creek,96,9,92
creek,96,10,98
creek,96,11,82
creek,96,12,70
creek,97,1,71
creek,97,2,76
creek,97,3,64
creek,97,4,67
creek,97,5,70
creek,97,6,66
creek,97,7,87
creek,97,8,73
creek,97,9,72
creek,97,10,73
creek,97,11,79
creek,97,12,99
creek,98,1,79
creek,98,2,81
creek,98,3,72
creek,98,4,82
creek,98,5,75
creek,98,6,81
creek,98,7,69
creek,98,8,66
creek,98,9,69
creek,98,10,83
creek,98,11,60
creek,98,12,76
creek,99,1,72
creek,99,2,62
creek,99,3,58
creek,99,4,76
creek,99,5,70
creek,99,6,61
creek,99,7,77
creek,99,8,86
creek,99,9,77
creek,99,10,81
creek,99,11,84
creek,99,12,92
logan,85,1,34
logan,85,2,32
logan,85,3,44
logan,85,4,35
logan,85,5,37
logan,85,6,46
logan,85,7,42
logan,85,8,38
logan,85,9,41
logan,85,10,30
logan,85,11,36
logan,85,12,46
logan,86,1,34
logan,86,2,30
logan,86,3,41
logan,86,4,29
logan,86,5,36
logan,86,6,35
logan,86,7,50
logan,86,8,40
logan,86,9,33
logan,86,10,25
logan,86,11,39
logan,86,12,26
logan,87,1,34
logan,87,2,42
logan,87,3,39
logan,87,4,32
logan,87,5,38
logan,87,6,20
logan,87,7,26
logan,87,8,34
logan,87,9,33
logan,87,10,32
logan,87,11,42
logan,87,12,28
logan,88,1,34
logan,88,2,39
logan,88,3,31
logan,88,4,23
logan,88,5,34
logan,88,6,29
logan,88,7,25
logan,88,8,38
logan,88,9,17
logan,88,10,31
logan,88,11,31
logan,88,12,31
logan,89,1,33
logan,89,2,32
logan,89,3,35
logan,89,4,24
logan,89,5,29
logan,89,6,33
logan,89,7,27
logan,89,8,22
logan,89,9,24
logan,89,10,33
logan,89,11,28
logan,89,12,37
logan,90,1,26
logan,90,2,25
logan,90,3,39
logan,90,4,29
logan,90,5,31
logan,90,6,29
logan,90,7,34
logan,90,8,28
logan,90,9,33
logan,90,10,25
logan,90,11,27
logan,90,12,29
logan,91,1,34
logan,91,2,21
logan,91,3,28
logan,91,4,28
logan,91,5,30
logan,91,6,34
logan,91,7,27
logan,91,8,22
logan,91,9,35
logan,91,10,28
logan,91,11,34
logan,91,12,32
logan,92,1,29
logan,92,2,23
logan,92,3,26
logan,92,4,37
logan,92,5,20
logan,92,6,22
logan,92,7,39
logan,92,8,26
logan,92,9,36
logan,92,10,32
logan,92,11,27
logan,92,12,26
logan,93,1,27
logan,93,2,46
logan,93,3,36
logan,93,4,24
logan,93,5,18
logan,93,6,30
logan,93,7,29
logan,93,8,39
logan,93,9,28
logan,93,10,39
logan,93,11,28
logan,93,12,33
logan,94,1,26
logan,94,2,15
logan,94,3,36
logan,94,4,21
logan,94,5,30
logan,94,6,17
logan,94,7,26
logan,94,8,39
logan,94,9,23
logan,94,10,27
logan,94,11,25
logan,94,12,29
logan,95,1,35
logan,95,2,24
logan,95,3,38
logan,95,4,22
logan,95,5,33
logan,95,6,35
logan,95,7,30
logan,95,8,33
logan,95,9,30
logan,95,10,26
logan,95,11,28
logan,95,12,27
logan,96,1,23
logan,96,2,20
logan,96,3,41
logan,96,4,19
logan,96,5,19
logan,96,6,32
logan,96,7,20
logan,96,8,38
logan,96,9,27
logan,96,10,29
logan,96,11,29
logan,96,12,29
logan,97,1,28
logan,97,2,25
logan,97,3,43
logan,97,4,31
logan,97,5,28
logan,97,6,25
logan,97,7,41
logan,97,8,33
logan,97,9,29
logan,97,10,19
logan,97,11,29
logan,97,12,24
logan,98,1,30
logan,98,2,39
logan,98,3,36
logan,98,4,35
logan,98,5,25
logan,98,6,32
logan,98,7,35
logan,98,8,38
logan,98,9,27
logan,98,10,30
logan,98,11,24
logan,98,12,34
logan,99,1,19
logan,99,2,21
logan,99,3,32
logan,99,4,35
logan,99,5,22
logan,99,6,28
logan,99,7,28
logan,99,8,32
logan,99,9,26
logan,99,10,28
logan,99,11,22
logan,99,12,30
mcclain,85,1,28
mcclain,85,2,28
mcclain,85,3,26
mcclain,85,4,28
mcclain,85,5,35
mcclain,85,6,35
mcclain,85,7,36
mcclain,85,8,29
mcclain,85,9,19
mcclain,85,10,28
mcclain,85,11,25
mcclain,85,12,37
mcclain,86,1,22
mcclain,86,2,22
mcclain,86,3,23
mcclain,86,4,35
mcclain,86,5,35
mcclain,86,6,28
mcclain,86,7,26
mcclain,86,8,19
mcclain,86,9,35
mcclain,86,10,44
mcclain,86,11,28
mcclain,86,12,26
mcclain,87,1,21
mcclain,87,2,20
mcclain,87,3,24
mcclain,87,4,20
mcclain,87,5,22
mcclain,87,6,27
mcclain,87,7,27
mcclain,87,8,21
mcclain,87,9,29
mcclain,87,10,24
mcclain,87,11,24
mcclain,87,12,31
mcclain,88,1,24
mcclain,88,2,20
mcclain,88,3,24
mcclain,88,4,26
mcclain,88,5,25
mcclain,88,6,27
mcclain,88,7,25
mcclain,88,8,30
mcclain,88,9,20
mcclain,88,10,34
mcclain,88,11,24
mcclain,88,12,24
mcclain,89,1,25
mcclain,89,2,27
mcclain,89,3,25
mcclain,89,4,22
mcclain,89,5,23
mcclain,89,6,21
mcclain,89,7,23
mcclain,89,8,22
mcclain,89,9,21
mcclain,89,10,19
mcclain,89,11,14
mcclain,89,12,23
mcclain,90,1,24
mcclain,90,2,32
mcclain,90,3,30
mcclain,90,4,31
mcclain,90,5,22
mcclain,90,6,29
mcclain,90,7,32
mcclain,90,8,30
mcclain,90,9,26
mcclain,90,10,30
mcclain,90,11,16
mcclain,90,12,22
mcclain,91,1,26
mcclain,91,2,32
mcclain,91,3,29
mcclain,91,4,10
mcclain,91,5,38
mcclain,91,6,21
mcclain,91,7,19
mcclain,91,8,23
mcclain,91,9,22
mcclain,91,10,26
mcclain,91,11,32
mcclain,91,12,22
mcclain,92,1,21
mcclain,92,2,21
mcclain,92,3,32
mcclain,92,4,31
mcclain,92,5,29
mcclain,92,6,21
mcclain,92,7,31
mcclain,92,8,27
mcclain,92,9,27
mcclain,92,10,22
mcclain,92,11,19
mcclain,92,12,26
mcclain,93,1,22
mcclain,93,2,28
mcclain,93,3,21
mcclain,93,4,24
mcclain,93,5,24
mcclain,93,6,30
mcclain,93,7,15
mcclain,93,8,34
mcclain,93,9,26
mcclain,93,10,24
mcclain,93,11,18
mcclain,93,12,22
mcclain,94,1,23
mcclain,94,2,24
mcclain,94,3,28
mcclain,94,4,42
mcclain,94,5,32
mcclain,94,6,37
mcclain,94,7,28
mcclain,94,8,38
mcclain,94,9,19
mcclain,94,10,32
mcclain,94,11,18
mcclain,94,12,23
mcclain,95,1,26
mcclain,95,2,25
mcclain,95,3,24
mcclain,95,4,18
mcclain,95,5,27
mcclain,95,6,26
mcclain,95,7,30
mcclain,95,8,30
mcclain,95,9,19
mcclain,95,10,28
mcclain,95,11,27
mcclain,95,12,20
mcclain,96,1,25
mcclain,96,2,16
mcclain,96,3,16
mcclain,96,4,27
mcclain,96,5,26
mcclain,96,6,27
mcclain,96,7,25
mcclain,96,8,32
mcclain,96,9,24
mcclain,96,10,25
mcclain,96,11,25
mcclain,96,12,21
mcclain,97,1,20
mcclain,97,2,28
mcclain,97,3,18
mcclain,97,4,23
mcclain,97,5,29
mcclain,97,6,28
mcclain,97,7,35
mcclain,97,8,22
mcclain,97,9,22
mcclain,97,10,23
mcclain,97,11,33
mcclain,97,12,38
mcclain,98,1,22
mcclain,98,2,40
mcclain,98,3,29
mcclain,98,4,32
mcclain,98,5,33
mcclain,98,6,36
mcclain,98,7,18
mcclain,98,8,31
mcclain,98,9,20
mcclain,98,10,36
mcclain,98,11,28
mcclain,98,12,31
mcclain,99,1,30
mcclain,99,2,24
mcclain,99,3,29
mcclain,99,4,26
mcclain,99,5,26
mcclain,99,6,28
mcclain,99,7,29
mcclain,99,8,35
mcclain,99,9,36
mcclain,99,10,34
mcclain,99,11,34
mcclain,99,12,36
oklahoma,85,1,983
oklahoma,85,2,852
oklahoma,85,3,929
oklahoma,85,4,932
oklahoma,85,5,949
oklahoma,85,6,917
oklahoma,85,7,1075
oklahoma,85,8,1133
oklahoma,85,9,1018
oklahoma,85,10,971
oklahoma,85,11,916
oklahoma,85,12,922
oklahoma,86,1,884
oklahoma,86,2,842
oklahoma,86,3,912
oklahoma,86,4,869
oklahoma,86,5,912
oklahoma,86,6,888
oklahoma,86,7,926
oklahoma,86,8,931
oklahoma,86,9,974
oklahoma,86,10,955
oklahoma,86,11,836
oklahoma,86,12,915
oklahoma,87,1,780
oklahoma,87,2,840
oklahoma,87,3,840
oklahoma,87,4,846
oklahoma,87,5,793
oklahoma,87,6,842
oklahoma,87,7,893
oklahoma,87,8,900
oklahoma,87,9,864
oklahoma,87,10,834
oklahoma,87,11,759
oklahoma,87,12,853
oklahoma,88,1,833
oklahoma,88,2,810
oklahoma,88,3,832
oklahoma,88,4,812
oklahoma,88,5,856
oklahoma,88,6,858
oklahoma,88,7,885
oklahoma,88,8,927
oklahoma,88,9,851
oklahoma,88,10,857
oklahoma,88,11,814
oklahoma,88,12,811
oklahoma,89,1,846
oklahoma,89,2,819
oklahoma,89,3,868
oklahoma,89,4,820
oklahoma,89,5,829
oklahoma,89,6,830
oklahoma,89,7,870
oklahoma,89,8,949
oklahoma,89,9,882
oklahoma,89,10,868
oklahoma,89,11,819
oklahoma,89,12,852
oklahoma,90,1,853
oklahoma,90,2,758
oklahoma,90,3,886
oklahoma,90,4,871
oklahoma,90,5,822
oklahoma,90,6,834
oklahoma,90,7,856
oklahoma,90,8,861
oklahoma,90,9,844
oklahoma,90,10,880
oklahoma,90,11,813
oklahoma,90,12,799
oklahoma,91,1,862
oklahoma,91,2,728
oklahoma,91,3,778
oklahoma,91,4,849
oklahoma,91,5,865
oklahoma,91,6,780
oklahoma,91,7,906
oklahoma,91,8,913
oklahoma,91,9,898
oklahoma,91,10,929
oklahoma,91,11,783
oklahoma,91,12,869
oklahoma,92,1,827
oklahoma,92,2,795
oklahoma,92,3,846
oklahoma,92,4,820
oklahoma,92,5,823
oklahoma,92,6,837
oklahoma,92,7,967
oklahoma,92,8,863
oklahoma,92,9,848
oklahoma,92,10,839
oklahoma,92,11,763
oklahoma,92,12,848
oklahoma,93,1,854
oklahoma,93,2,794
oklahoma,93,3,847
oklahoma,93,4,809
oklahoma,93,5,843
oklahoma,93,6,864
oklahoma,93,7,864
oklahoma,93,8,908
oklahoma,93,9,821
oklahoma,93,10,868
oklahoma,93,11,807
oklahoma,93,12,808
oklahoma,94,1,863
oklahoma,94,2,805
oklahoma,94,3,851
oklahoma,94,4,793
oklahoma,94,5,815
oklahoma,94,6,869
oklahoma,94,7,852
oklahoma,94,8,942
oklahoma,94,9,847
oklahoma,94,10,787
oklahoma,94,11,810
oklahoma,94,12,803
oklahoma,95,1,796
oklahoma,95,2,757
oklahoma,95,3,790
oklahoma,95,4,769
oklahoma,95,5,863
oklahoma,95,6,835
oklahoma,95,7,857
oklahoma,95,8,866
oklahoma,95,9,865
oklahoma,95,10,830
oklahoma,95,11,844
oklahoma,95,12,814
oklahoma,96,1,768
oklahoma,96,2,752
oklahoma,96,3,857
oklahoma,96,4,844
oklahoma,96,5,852
oklahoma,96,6,820
oklahoma,96,7,887
oklahoma,96,8,953
oklahoma,96,9,949
oklahoma,96,10,925
oklahoma,96,11,736
oklahoma,96,12,840
oklahoma,97,1,894
oklahoma,97,2,773
oklahoma,97,3,860
oklahoma,97,4,860
oklahoma,97,5,848
oklahoma,97,6,839
oklahoma,97,7,951
oklahoma,97,8,888
oklahoma,97,9,907
oklahoma,97,10,881
oklahoma,97,11,840
oklahoma,97,12,958
oklahoma,98,1,896
oklahoma,98,2,834
oklahoma,98,3,919
oklahoma,98,4,810
oklahoma,98,5,840
oklahoma,98,6,934
oklahoma,98,7,934
oklahoma,98,8,930
oklahoma,98,9,1000
oklahoma,98,10,918
oklahoma,98,11,851
oklahoma,98,12,922
oklahoma,99,1,827
oklahoma,99,2,808
oklahoma,99,3,870
oklahoma,99,4,878
oklahoma,99,5,866
oklahoma,99,6,897
oklahoma,99,7,981
oklahoma,99,8,958
oklahoma,99,9,968
oklahoma,99,10,942
oklahoma,99,11,852
oklahoma,99,12,893
osage,85,1,42
osage,85,2,60
osage,85,3,56
osage,85,4,47
osage,85,5,44
osage,85,6,53
osage,85,7,62
osage,85,8,60
osage,85,9,56
osage,85,10,54
osage,85,11,50
osage,85,12,55
osage,86,1,52
osage,86,2,44
osage,86,3,41
osage,86,4,48
osage,86,5,40
osage,86,6,48
osage,86,7,69
osage,86,8,47
osage,86,9,48
osage,86,10,44
osage,86,11,44
osage,86,12,40
osage,87,1,48
osage,87,2,27
osage,87,3,35
osage,87,4,43
osage,87,5,39
osage,87,6,44
osage,87,7,44
osage,87,8,42
osage,87,9,41
osage,87,10,44
osage,87,11,36
osage,87,12,42
osage,88,1,52
osage,88,2,38
osage,88,3,34
osage,88,4,36
osage,88,5,37
osage,88,6,44
osage,88,7,43
osage,88,8,46
osage,88,9,51
osage,88,10,31
osage,88,11,37
osage,88,12,39
osage,89,1,35
osage,89,2,38
osage,89,3,42
osage,89,4,47
osage,89,5,36
osage,89,6,31
osage,89,7,46
osage,89,8,47
osage,89,9,39
osage,89,10,45
osage,89,11,43
osage,89,12,32
osage,90,1,37
osage,90,2,33
osage,90,3,43
osage,90,4,41
osage,90,5,45
osage,90,6,51
osage,90,7,43
osage,90,8,36
osage,90,9,55
osage,90,10,49
osage,90,11,31
osage,90,12,42
osage,91,1,41
osage,91,2,34
osage,91,3,41
osage,91,4,32
osage,91,5,42
osage,91,6,30
osage,91,7,42
osage,91,8,45
osage,91,9,44
osage,91,10,41
osage,91,11,40
osage,91,12,32
osage,92,1,41
osage,92,2,27
osage,92,3,39
osage,92,4,47
osage,92,5,41
osage,92,6,34
osage,92,7,43
osage,92,8,36
osage,92,9,46
osage,92,10,45
osage,92,11,40
osage,92,12,31
osage,93,1,34
osage,93,2,38
osage,93,3,32
osage,93,4,34
osage,93,5,32
osage,93,6,40
osage,93,7,34
osage,93,8,41
osage,93,9,49
osage,93,10,43
osage,93,11,33
osage,93,12,20
osage,94,1,25
osage,94,2,32
osage,94,3,38
osage,94,4,25
osage,94,5,32
osage,94,6,34
osage,94,7,40
osage,94,8,36
osage,94,9,42
osage,94,10,32
osage,94,11,25
osage,94,12,39
osage,95,1,32
osage,95,2,30
osage,95,3,36
osage,95,4,30
osage,95,5,31
osage,95,6,46
osage,95,7,34
osage,95,8,32
osage,95,9,34
osage,95,10,38
osage,95,11,20
osage,95,12,25
osage,96,1,46
osage,96,2,33
osage,96,3,29
osage,96,4,22
osage,96,5,38
osage,96,6,26
osage,96,7,42
osage,96,8,38
osage,96,9,21
osage,96,10,38
osage,96,11,31
osage,96,12,29
osage,97,1,34
osage,97,2,34
osage,97,3,29
osage,97,4,38
osage,97,5,32
osage,97,6,42
osage,97,7,28
osage,97,8,43
osage,97,9,37
osage,97,10,36
osage,97,11,37
osage,97,12,33
osage,98,1,28
osage,98,2,28
osage,98,3,34
osage,98,4,40
osage,98,5,29
osage,98,6,35
osage,98,7,43
osage,98,8,25
osage,98,9,33
osage,98,10,43
osage,98,11,32
osage,98,12,39
osage,99,1,35
osage,99,2,34
osage,99,3,31
osage,99,4,28
osage,99,5,28
osage,99,6,56
osage,99,7,40
osage,99,8,29
osage,99,9,40
osage,99,10,30
osage,99,11,33
osage,99,12,40
pottawat,85,1,85
pottawat,85,2,70
pottawat,85,3,77
pottawat,85,4,87
pottawat,85,5,74
pottawat,85,6,72
pottawat,85,7,84
pottawat,85,8,87
pottawat,85,9,81
pottawat,85,10,70
pottawat,85,11,70
pottawat,85,12,101
pottawat,86,1,72
pottawat,86,2,61
pottawat,86,3,79
pottawat,86,4,62
pottawat,86,5,57
pottawat,86,6,67
pottawat,86,7,90
pottawat,86,8,78
pottawat,86,9,90
pottawat,86,10,65
pottawat,86,11,66
pottawat,86,12,78
pottawat,87,1,83
pottawat,87,2,61
pottawat,87,3,67
pottawat,87,4,81
pottawat,87,5,72
pottawat,87,6,58
pottawat,87,7,74
pottawat,87,8,57
pottawat,87,9,71
pottawat,87,10,82
pottawat,87,11,65
pottawat,87,12,59
pottawat,88,1,82
pottawat,88,2,60
pottawat,88,3,61
pottawat,88,4,72
pottawat,88,5,58
pottawat,88,6,52
pottawat,88,7,71
pottawat,88,8,65
pottawat,88,9,63
pottawat,88,10,77
pottawat,88,11,72
pottawat,88,12,64
pottawat,89,1,74
pottawat,89,2,62
pottawat,89,3,83
pottawat,89,4,48
pottawat,89,5,63
pottawat,89,6,59
pottawat,89,7,65
pottawat,89,8,78
pottawat,89,9,57
pottawat,89,10,59
pottawat,89,11,61
pottawat,89,12,68
pottawat,90,1,62
pottawat,90,2,74
pottawat,90,3,72
pottawat,90,4,60
pottawat,90,5,74
pottawat,90,6,65
pottawat,90,7,79
pottawat,90,8,74
pottawat,90,9,62
pottawat,90,10,72
pottawat,90,11,75
pottawat,90,12,76
pottawat,91,1,63
pottawat,91,2,57
pottawat,91,3,64
pottawat,91,4,61
pottawat,91,5,79
pottawat,91,6,78
pottawat,91,7,76
pottawat,91,8,92
pottawat,91,9,80
pottawat,91,10,70
pottawat,91,11,49
pottawat,91,12,60
pottawat,92,1,62
pottawat,92,2,58
pottawat,92,3,77
pottawat,92,4,63
pottawat,92,5,82
pottawat,92,6,70
pottawat,92,7,74
pottawat,92,8,83
pottawat,92,9,61
pottawat,92,10,66
pottawat,92,11,51
pottawat,92,12,71
pottawat,93,1,67
pottawat,93,2,55
pottawat,93,3,73
pottawat,93,4,68
pottawat,93,5,60
pottawat,93,6,65
pottawat,93,7,64
pottawat,93,8,65
pottawat,93,9,80
pottawat,93,10,56
pottawat,93,11,56
pottawat,93,12,72
pottawat,94,1,63
pottawat,94,2,59
pottawat,94,3,69
pottawat,94,4,69
pottawat,94,5,66
pottawat,94,6,58
pottawat,94,7,70
pottawat,94,8,80
pottawat,94,9,82
pottawat,94,10,52
pottawat,94,11,62
pottawat,94,12,54
pottawat,95,1,76
pottawat,95,2,60
pottawat,95,3,77
pottawat,95,4,52
pottawat,95,5,71
pottawat,95,6,82
pottawat,95,7,69
pottawat,95,8,57
pottawat,95,9,69
pottawat,95,10,64
pottawat,95,11,76
pottawat,95,12,58
pottawat,96,1,72
pottawat,96,2,58
pottawat,96,3,61
pottawat,96,4,65
pottawat,96,5,64
pottawat,96,6,67
pottawat,96,7,71
pottawat,96,8,81
pottawat,96,9,83
pottawat,96,10,70
pottawat,96,11,70
pottawat,96,12,68
pottawat,97,1,74
pottawat,97,2,49
pottawat,97,3,74
pottawat,97,4,75
pottawat,97,5,78
pottawat,97,6,52
pottawat,97,7,86
pottawat,97,8,89
pottawat,97,9,78
pottawat,97,10,71
pottawat,97,11,68
pottawat,97,12,75
pottawat,98,1,69
pottawat,98,2,58
pottawat,98,3,66
pottawat,98,4,75
pottawat,98,5,79
pottawat,98,6,59
pottawat,98,7,71
pottawat,98,8,70
pottawat,98,9,85
pottawat,98,10,72
pottawat,98,11,83
pottawat,98,12,77
pottawat,99,1,77
pottawat,99,2,57
pottawat,99,3,76
pottawat,99,4,66
pottawat,99,5,73
pottawat,99,6,84
pottawat,99,7,89
pottawat,99,8,81
pottawat,99,9,76
pottawat,99,10,80
pottawat,99,11,73
pottawat,99,12,72
rogers,85,1,71
rogers,85,2,57
rogers,85,3,56
rogers,85,4,73
rogers,85,5,77
rogers,85,6,58
rogers,85,7,67
rogers,85,8,74
rogers,85,9,64
rogers,85,10,72
rogers,85,11,47
rogers,85,12,73
rogers,86,1,62
rogers,86,2,64
rogers,86,3,85
rogers,86,4,66
rogers,86,5,76
rogers,86,6,70
rogers,86,7,84
rogers,86,8,74
rogers,86,9,79
rogers,86,10,80
rogers,86,11,65
rogers,86,12,70
rogers,87,1,62
rogers,87,2,64
rogers,87,3,65
rogers,87,4,61
rogers,87,5,44
rogers,87,6,61
rogers,87,7,74
rogers,87,8,72
rogers,87,9,76
rogers,87,10,68
rogers,87,11,58
rogers,87,12,71
rogers,88,1,58
rogers,88,2,67
rogers,88,3,64
rogers,88,4,45
rogers,88,5,64
rogers,88,6,69
rogers,88,7,67
rogers,88,8,57
rogers,88,9,74
rogers,88,10,66
rogers,88,11,64
rogers,88,12,67
rogers,89,1,57
rogers,89,2,67
rogers,89,3,64
rogers,89,4,60
rogers,89,5,62
rogers,89,6,87
rogers,89,7,62
rogers,89,8,71
rogers,89,9,59
rogers,89,10,64
rogers,89,11,70
rogers,89,12,62
rogers,90,1,68
rogers,90,2,56
rogers,90,3,87
rogers,90,4,65
rogers,90,5,69
rogers,90,6,76
rogers,90,7,69
rogers,90,8,75
rogers,90,9,73
rogers,90,10,80
rogers,90,11,52
rogers,90,12,65
rogers,91,1,75
rogers,91,2,49
rogers,91,3,62
rogers,91,4,70
rogers,91,5,63
rogers,91,6,70
rogers,91,7,67
rogers,91,8,63
rogers,91,9,70
rogers,91,10,76
rogers,91,11,75
rogers,91,12,68
rogers,92,1,57
rogers,92,2,71
rogers,92,3,56
rogers,92,4,64
rogers,92,5,65
rogers,92,6,74
rogers,92,7,67
rogers,92,8,69
rogers,92,9,70
rogers,92,10,52
rogers,92,11,54
rogers,92,12,75
rogers,93,1,73
rogers,93,2,66
rogers,93,3,63
rogers,93,4,68
rogers,93,5,64
rogers,93,6,79
rogers,93,7,55
rogers,93,8,78
rogers,93,9,69
rogers,93,10,64
rogers,93,11,54
rogers,93,12,76
rogers,94,1,61
rogers,94,2,54
rogers,94,3,74
rogers,94,4,56
rogers,94,5,63
rogers,94,6,64
rogers,94,7,69
rogers,94,8,88
rogers,94,9,70
rogers,94,10,58
rogers,94,11,79
rogers,94,12,64
rogers,95,1,67
rogers,95,2,60
rogers,95,3,69
rogers,95,4,72
rogers,95,5,61
rogers,95,6,78
rogers,95,7,70
rogers,95,8,94
rogers,95,9,85
rogers,95,10,65
rogers,95,11,70
rogers,95,12,65
rogers,96,1,60
rogers,96,2,71
rogers,96,3,73
rogers,96,4,61
rogers,96,5,70
rogers,96,6,66
rogers,96,7,70
rogers,96,8,66
rogers,96,9,71
rogers,96,10,72
rogers,96,11,74
rogers,96,12,64
rogers,97,1,62
rogers,97,2,61
rogers,97,3,78
rogers,97,4,74
rogers,97,5,66
rogers,97,6,73
rogers,97,7,69
rogers,97,8,65
rogers,97,9,67
rogers,97,10,78
rogers,97,11,63
rogers,97,12,76
rogers,98,1,67
rogers,98,2,77
rogers,98,3,73
rogers,98,4,72
rogers,98,5,71
rogers,98,6,76
rogers,98,7,82
rogers,98,8,77
rogers,98,9,71
rogers,98,10,62
rogers,98,11,78
rogers,98,12,56
rogers,99,1,61
rogers,99,2,68
rogers,99,3,76
rogers,99,4,68
rogers,99,5,57
rogers,99,6,56
rogers,99,7,88
rogers,99,8,77
rogers,99,9,91
rogers,99,10,81
rogers,99,11,74
rogers,99,12,82
tulsa,85,1,684
tulsa,85,2,666
tulsa,85,3,742
tulsa,85,4,729
tulsa,85,5,765
tulsa,85,6,732
tulsa,85,7,794
tulsa,85,8,762
tulsa,85,9,760
tulsa,85,10,737
tulsa,85,11,726
tulsa,85,12,742
tulsa,86,1,729
tulsa,86,2,648
tulsa,86,3,725
tulsa,86,4,698
tulsa,86,5,671
tulsa,86,6,698
tulsa,86,7,751
tulsa,86,8,771
tulsa,86,9,725
tulsa,86,10,773
tulsa,86,11,667
tulsa,86,12,653
tulsa,87,1,661
tulsa,87,2,653
tulsa,87,3,697
tulsa,87,4,651
tulsa,87,5,685
tulsa,87,6,691
tulsa,87,7,744
tulsa,87,8,721
tulsa,87,9,711
tulsa,87,10,777
tulsa,87,11,695
tulsa,87,12,731
tulsa,88,1,637
tulsa,88,2,661
tulsa,88,3,691
tulsa,88,4,722
tulsa,88,5,692
tulsa,88,6,688
tulsa,88,7,777
tulsa,88,8,712
tulsa,88,9,762
tulsa,88,10,716
tulsa,88,11,680
tulsa,88,12,653
tulsa,89,1,655
tulsa,89,2,608
tulsa,89,3,666
tulsa,89,4,690
tulsa,89,5,723
tulsa,89,6,726
tulsa,89,7,758
tulsa,89,8,737
tulsa,89,9,765
tulsa,89,10,679
tulsa,89,11,694
tulsa,89,12,654
tulsa,90,1,737
tulsa,90,2,673
tulsa,90,3,779
tulsa,90,4,717
tulsa,90,5,712
tulsa,90,6,745
tulsa,90,7,777
tulsa,90,8,813
tulsa,90,9,742
tulsa,90,10,766
tulsa,90,11,705
tulsa,90,12,697
tulsa,91,1,704
tulsa,91,2,686
tulsa,91,3,722
tulsa,91,4,693
tulsa,91,5,722
tulsa,91,6,722
tulsa,91,7,827
tulsa,91,8,755
tulsa,91,9,824
tulsa,91,10,806
tulsa,91,11,717
tulsa,91,12,742
tulsa,92,1,683
tulsa,92,2,697
tulsa,92,3,728
tulsa,92,4,688
tulsa,92,5,708
tulsa,92,6,735
tulsa,92,7,788
tulsa,92,8,752
tulsa,92,9,734
tulsa,92,10,725
tulsa,92,11,670
tulsa,92,12,664
tulsa,93,1,661
tulsa,93,2,658
tulsa,93,3,756
tulsa,93,4,718
tulsa,93,5,710
tulsa,93,6,750
tulsa,93,7,734
tulsa,93,8,708
tulsa,93,9,781
tulsa,93,10,722
tulsa,93,11,688
tulsa,93,12,749
tulsa,94,1,681
tulsa,94,2,641
tulsa,94,3,721
tulsa,94,4,680
tulsa,94,5,675
tulsa,94,6,688
tulsa,94,7,674
tulsa,94,8,752
tulsa,94,9,715
tulsa,94,10,707
tulsa,94,11,595
tulsa,94,12,686
tulsa,95,1,691
tulsa,95,2,641
tulsa,95,3,665
tulsa,95,4,673
tulsa,95,5,676
tulsa,95,6,651
tulsa,95,7,674
tulsa,95,8,715
tulsa,95,9,693
tulsa,95,10,675
tulsa,95,11,692
tulsa,95,12,622
tulsa,96,1,667
tulsa,96,2,628
tulsa,96,3,656
tulsa,96,4,656
tulsa,96,5,632
tulsa,96,6,619
tulsa,96,7,749
tulsa,96,8,767
tulsa,96,9,749
tulsa,96,10,725
tulsa,96,11,630
tulsa,96,12,688
tulsa,97,1,695
tulsa,97,2,665
tulsa,97,3,699
tulsa,97,4,670
tulsa,97,5,679
tulsa,97,6,732
tulsa,97,7,796
tulsa,97,8,769
tulsa,97,9,776
tulsa,97,10,740
tulsa,97,11,750
tulsa,97,12,753
tulsa,98,1,774
tulsa,98,2,675
tulsa,98,3,733
tulsa,98,4,737
tulsa,98,5,778
tulsa,98,6,720
tulsa,98,7,788
tulsa,98,8,844
tulsa,98,9,793
tulsa,98,10,747
tulsa,98,11,749
tulsa,98,12,799
tulsa,99,1,748
tulsa,99,2,709
tulsa,99,3,779
tulsa,99,4,703
tulsa,99,5,721
tulsa,99,6,768
tulsa,99,7,795
tulsa,99,8,841
tulsa,99,9,819
tulsa,99,10,820
tulsa,99,11,721
tulsa,99,12,761
wagoner,85,1,53
wagoner,85,2,44
wagoner,85,3,57
wagoner,85,4,44
wagoner,85,5,63
wagoner,85,6,50
wagoner,85,7,75
wagoner,85,8,62
wagoner,85,9,55
wagoner,85,10,75
wagoner,85,11,52
wagoner,85,12,57
wagoner,86,1,51
wagoner,86,2,54
wagoner,86,3,62
wagoner,86,4,42
wagoner,86,5,53
wagoner,86,6,43
wagoner,86,7,54
wagoner,86,8,58
wagoner,86,9,75
wagoner,86,10,42
wagoner,86,11,44
wagoner,86,12,61
wagoner,87,1,53
wagoner,87,2,52
wagoner,87,3,63
wagoner,87,4,40
wagoner,87,5,48
wagoner,87,6,44
wagoner,87,7,54
wagoner,87,8,55
wagoner,87,9,55
wagoner,87,10,56
wagoner,87,11,46
wagoner,87,12,52
wagoner,88,1,46
wagoner,88,2,55
wagoner,88,3,51
wagoner,88,4,46
wagoner,88,5,55
wagoner,88,6,37
wagoner,88,7,62
wagoner,88,8,60
wagoner,88,9,60
wagoner,88,10,57
wagoner,88,11,58
wagoner,88,12,53
wagoner,89,1,42
wagoner,89,2,60
wagoner,89,3,41
wagoner,89,4,64
wagoner,89,5,46
wagoner,89,6,60
wagoner,89,7,67
wagoner,89,8,63
wagoner,89,9,48
wagoner,89,10,61
wagoner,89,11,58
wagoner,89,12,43
wagoner,90,1,45
wagoner,90,2,38
wagoner,90,3,41
wagoner,90,4,34
wagoner,90,5,45
wagoner,90,6,52
wagoner,90,7,58
wagoner,90,8,54
wagoner,90,9,59
wagoner,90,10,60
wagoner,90,11,48
wagoner,90,12,60
wagoner,91,1,66
wagoner,91,2,60
wagoner,91,3,56
wagoner,91,4,54
wagoner,91,5,53
wagoner,91,6,52
wagoner,91,7,65
wagoner,91,8,61
wagoner,91,9,49
wagoner,91,10,74
wagoner,91,11,45
wagoner,91,12,61
wagoner,92,1,55
wagoner,92,2,53
wagoner,92,3,43
wagoner,92,4,48
wagoner,92,5,60
wagoner,92,6,54
wagoner,92,7,54
wagoner,92,8,61
wagoner,92,9,45
wagoner,92,10,67
wagoner,92,11,57
wagoner,92,12,51
wagoner,93,1,36
wagoner,93,2,48
wagoner,93,3,55
wagoner,93,4,61
wagoner,93,5,51
wagoner,93,6,43
wagoner,93,7,50
wagoner,93,8,61
wagoner,93,9,55
wagoner,93,10,54
wagoner,93,11,59
wagoner,93,12,58
wagoner,94,1,49
wagoner,94,2,47
wagoner,94,3,51
wagoner,94,4,49
wagoner,94,5,64
wagoner,94,6,63
wagoner,94,7,55
wagoner,94,8,60
wagoner,94,9,63
wagoner,94,10,45
wagoner,94,11,51
wagoner,94,12,50
wagoner,95,1,49
wagoner,95,2,43
wagoner,95,3,59
wagoner,95,4,48
wagoner,95,5,51
wagoner,95,6,67
wagoner,95,7,59
wagoner,95,8,63
wagoner,95,9,54
wagoner,95,10,73
wagoner,95,11,42
wagoner,95,12,56
wagoner,96,1,51
wagoner,96,2,30
wagoner,96,3,55
wagoner,96,4,56
wagoner,96,5,49
wagoner,96,6,57
wagoner,96,7,59
wagoner,96,8,67
wagoner,96,9,60
wagoner,96,10,56
wagoner,96,11,39
wagoner,96,12,54
wagoner,97,1,54
wagoner,97,2,56
wagoner,97,3,47
wagoner,97,4,57
wagoner,97,5,56
wagoner,97,6,50
wagoner,97,7,54
wagoner,97,8,68
wagoner,97,9,68
wagoner,97,10,45
wagoner,97,11,44
wagoner,97,12,56
wagoner,98,1,58
wagoner,98,2,63
wagoner,98,3,46
wagoner,98,4,53
wagoner,98,5,69
wagoner,98,6,59
wagoner,98,7,67
wagoner,98,8,64
wagoner,98,9,52
wagoner,98,10,51
wagoner,98,11,56
wagoner,98,12,49
wagoner,99,1,77
wagoner,99,2,49
wagoner,99,3,50
wagoner,99,4,42
wagoner,99,5,49
wagoner,99,6,69
wagoner,99,7,71
wagoner,99,8,61
wagoner,99,9,60
wagoner,99,10,58
wagoner,99,11,52
wagoner,99,12,58
